[{"id":"10fc8ff8-57a3-4f8a-bc10-74ec9837d244","path":"/stažený soubor.jpeg"},{"id":"a551e8a5-74d3-4fba-ab15-8b57db494923","path":"/Deepnote.jpeg"},{"id":"29eb4307-17d8-4a7e-a3d3-d3c8ae2bef87","path":"/deepnote.svg"},{"id":"0b46642b-dd1a-47f4-beca-398bf001995b","path":"/png-transparent-blue-cloud-illustration-drawing-cloud-blue-hand-painted-clouds-watercolor-painting-hand-heart.png"},{"id":"63b10eea-1662-433c-aa5d-ecc90235e739","path":"/cloud.png"},{"id":"6e730706-9ab6-4cce-aa96-c7b606539282","path":"/cloud-20240719-071023.png"},{"id":"ac1275ec-5582-4de4-ac7c-ff1713223094","path":"/stažený soubor (1).jpeg"},{"id":"9d8bae4b-83bc-46cc-89bd-56020685f6e3","path":"/cloud.jpeg"},{"id":"c8daaae7-9385-464f-bf7f-48d750122099","path":"/cl"},{"id":"71022ccf-7be6-425d-bf15-b8aeacad3a1b","path":"/cl.jpeg"},{"id":"0cef75ac-3129-46ed-8443-53851755e5d7","path":"/thumbs-up-transparent-background-4.jpg"},{"id":"27f084a1-7c3e-4378-a68a-af593f2a197c","path":"/thumbsup.jpg"},{"id":"8efb3883-eda1-4ab0-a4d7-d3c98aa19b3b","path":"/simple-cloud-icon-transparent-background-33axlkblta1hdguu-33axlkblta1hdguu.png"},{"id":"996be88c-538e-4ff6-ae83-631e47d97e0c","path":"/syften.csv"},{"id":"1c996f39-482a-4d12-b1c9-92a6383bda47","path":"/data_prep.csv"},{"id":"dee6af45-d1a7-42d3-a1fa-9f5de58ce178","path":"/SYFTEN.csv"},{"id":"2ee115f3-9880-4bdf-9f07-e0a4f279a99e","path":"/cloud.svg"},{"id":"b50cca2a-ba46-48fa-a2f6-f4f7d1ac64b9","path":"/data_preparation.csv"}]